CODI_PROVINCIA,PROVINCIA,CODI_MUNICIPI,MUNICIPI,ESTACIO,CODI_CONTAMINANT,ANY,MES,DIA,H01,V01,H02,V02,H03,V03,H04,V04,H05,V05,H06,V06,H07,V07,H08,V08,H09,V09,H10,V10,H11,V11,H12,V12,H13,V13,H14,V14,H15,V15,H16,V16,H17,V17,H18,V18,H19,V19,H20,V20,H21,V21,H22,V22,H23,V23,H24,V24
08,Barcelona,019,Barcelona,043,999,2026,1,19,22.6,V,18.1,V,18.1,V,16.6,V,21.4,V,17,V,16.7,V,10.4,V,13,V,14.4,V,14.6,V,15.6,V,16,V,17.6,V,19.5,V,19.8,V,19.5,V,20.2,V,19.9,V,22.4,V,19.2,V,13.7,V,19.1,V,21,V
08,Barcelona,019,Barcelona,043,999,2026,1,20,24.5,V,27.1,V,31.6,V,31.5,V,27.2,V,19.6,V,12.6,V,14.4,V,15.8,V,15.6,V,17.2,V,16,V,16.9,V,15.9,V,16.9,V,17.4,V,16.2,V,16.5,V,18.7,V,21,V,18.8,V,20.9,V,19.7,V,22.7,V
08,Barcelona,019,Barcelona,043,999,2026,1,21,23.4,V,31.8,V,34.7,V,33.9,V,28.9,V,23.6,V,17.1,V,15.1,V,16.5,V,17.4,V,15.8,V,16.6,V,14.4,V,15,V,15.1,V,15.1,V,13.9,V,14.8,V,14.9,V,14.9,V,19,V,22.8,V,22.6,V,22,V
08,Barcelona,019,Barcelona,043,999,2026,1,22,22.4,V,22.2,V,22.9,V,22,V,24.9,V,28,V,18.6,V,17.3,V,14.5,V,,N,,N,,N,,N,,N,,N,,N,,N,,N,,N,,N,,N,,N,,N,,N
08,Barcelona,019,Barcelona,054,999,2026,1,19,29.6,V,32.1,V,31.7,V,33.5,V,22.9,V,23.5,V,16.4,V,14.4,V,13.5,V,15.1,V,13.7,V,15.2,V,16.8,V,19.3,V,19,V,20.1,V,19.8,V,20.7,V,21.6,V,24.1,V,25.1,V,25.4,V,30.3,V,32.1,V
08,Barcelona,019,Barcelona,054,999,2026,1,20,34,V,36.5,V,33.5,V,36.4,V,33.8,V,25.5,V,15,V,12.4,V,14.6,V,14.6,V,18.1,V,20.9,V,19.2,V,18.1,V,17.2,V,16.9,V,15.7,V,14.7,V,15,V,19,V,18.3,V,20.9,V,21.9,V,25.8,V
08,Barcelona,019,Barcelona,054,999,2026,1,21,27.9,V,32.4,V,35.2,V,33.3,V,30,V,20.5,V,14.6,V,16.4,V,17.7,V,19.7,V,21.3,V,20.8,V,18.2,V,16.9,V,17.3,V,18.4,V,16,V,15.3,V,13.9,V,14.5,V,15.1,V,22.6,V,27.6,V,25.8,V
08,Barcelona,019,Barcelona,054,999,2026,1,22,26.6,V,26.5,V,27.6,V,29.3,V,36.9,V,26.8,V,20.7,V,17.8,V,16.3,V,,N,,N,,N,,N,,N,,N,,N,,N,,N,,N,,N,,N,,N,,N,,N
08,Barcelona,019,Barcelona,043,22,2026,1,19,424,V,324,V,198,V,206,V,201,V,332,V,549,V,2384,V,1677,V,2059,V,1622,V,1582,V,1321,V,1414,V,1257,V,1299,V,994,V,1280,V,1006,V,948,V,724,V,983,V,458,V,339,V
08,Barcelona,019,Barcelona,043,22,2026,1,20,299,V,188,V,91,V,66,V,71,V,107,V,269,V,493,V,526,V,832,V,807,V,986,V,821,V,1248,V,1239,V,889,V,787,V,811,V,904,V,915,V,828,V,835,V,843,V,781,V
08,Barcelona,019,Barcelona,043,22,2026,1,21,590,V,504,V,440,V,395,V,377,V,637,V,1089,V,1381,V,1349,V,1107,V,976,V,995,V,1269,V,741,V,685,V,631,V,776,V,604,V,917,V,818,V,572,V,712,V,623,V,498,V
08,Barcelona,019,Barcelona,043,22,2026,1,22,428,V,540,V,440,V,539,V,437,V,494,V,473,V,739,V,1008,V,,N,,N,,N,,N,,N,,N,,N,,N,,N,,N,,N,,N,,N,,N,,N
08,Barcelona,019,Barcelona,054,22,2026,1,19,393,V,238,V,184,V,141,V,176,V,322,V,461,V,605,V,1287,V,1057,V,1100,V,1220,V,998,V,922,V,908,V,1052,V,1200,V,1185,V,978,V,763,V,514,V,489,V,285,V,221,V
08,Barcelona,019,Barcelona,054,22,2026,1,20,173,V,161,V,66,V,53,V,54,V,93,V,190,V,334,V,374,V,436,V,469,V,394,V,449,V,496,V,739,V,765,V,651,V,637,V,689,V,604,V,604,V,596,V,554,V,475,V
08,Barcelona,019,Barcelona,054,22,2026,1,21,385,V,409,V,385,V,333,V,320,V,565,V,1142,V,1143,V,830,V,600,V,511,V,539,V,888,V,1074,V,781,V,464,V,479,V,662,V,804,V,728,V,653,V,477,V,319,V,307,V
08,Barcelona,019,Barcelona,054,22,2026,1,22,281,V,316,V,411,V,323,V,350,V,383,V,429,V,556,V,681,V,,N,,N,,N,,N,,N,,N,,N,,N,,N,,N,,N,,N,,N,,N,,N
08,Barcelona,019,Barcelona,043,6,2026,1,19,0.2,V,0.2,V,0.2,V,0.2,V,0.2,V,0.2,V,0.2,V,0.4,V,0.6,V,0.5,V,0.3,V,0.3,V,0.2,V,0.2,V,0.3,V,0.3,V,0.3,V,0.3,V,0.3,V,0.3,V,0.3,V,0.2,V,0.2,V,0.2,V
08,Barcelona,019,Barcelona,043,6,2026,1,20,0.2,V,0.2,V,0.2,V,0.2,V,0.2,V,0.2,V,0.2,V,0.2,V,0.3,V,0.3,V,0.2,V,0.3,V,0.3,V,0.3,V,0.4,V,0.3,V,0.3,V,0.4,V,0.4,V,0.5,V,0.4,V,0.3,V,0.3,V,0.4,V
08,Barcelona,019,Barcelona,043,6,2026,1,21,0.2,V,0.2,V,0.2,V,0.2,V,0.2,V,0.2,V,0.3,V,0.3,V,0.5,V,0.3,V,0.3,V,0.2,V,0.2,V,0.2,V,0.2,V,0.2,V,0.2,V,0.2,V,0.2,V,0.3,V,0.2,V,0.2,V,0.2,V,0.2,V
08,Barcelona,019,Barcelona,043,6,2026,1,22,0.2,V,0.2,V,0.2,V,0.2,V,0.2,V,0.2,V,0.2,V,0.2,V,0.3,V,,N,,N,,N,,N,,N,,N,,N,,N,,N,,N,,N,,N,,N,,N,,N
08,Barcelona,019,Barcelona,057,6,2026,1,19,0.3,V,0.3,V,0.3,V,0.3,V,0.3,V,0.3,V,0.3,V,0.3,V,0.4,V,0.4,V,0.4,V,0.3,V,0.3,V,0.3,V,0.2,V,0.3,V,0.3,V,0.3,V,0.3,V,0.3,V,0.3,V,0.3,V,0.3,V,0.2,V
08,Barcelona,019,Barcelona,057,6,2026,1,20,0.2,V,0.2,V,0.3,V,0.3,V,0.3,V,0.3,V,0.3,V,0.4,V,0.3,V,0.3,V,0.3,V,0.3,V,0.3,V,0.3,V,0.3,V,0.4,V,0.4,V,0.4,V,0.4,V,0.4,V,0.4,V,0.4,V,0.4,V,0.3,V
08,Barcelona,019,Barcelona,057,6,2026,1,21,0.3,V,0.3,V,0.3,V,0.3,V,0.4,V,0.4,V,0.4,V,0.5,V,0.7,V,0.7,V,0.4,V,,N,0.6,V,0.4,V,0.3,V,0.3,V,0.3,V,0.3,V,0.3,V,0.3,V,0.2,V,0.2,V,0.2,V,0.2,V
08,Barcelona,019,Barcelona,057,6,2026,1,22,0.2,V,0.2,V,0.1,V,0.2,V,0.2,V,0.2,V,0.2,V,0.2,V,0.2,V,,N,,N,,N,,N,,N,,N,,N,,N,,N,,N,,N,,N,,N,,N,,N
08,Barcelona,019,Barcelona,057,106,2026,1,19,0.27,V,0.24,V,0.31,V,0.31,V,0.28,V,0.29,V,0.32,V,0.31,V,0.44,V,0.4,V,0.39,V,0.3,V,0.3,V,0.28,V,0.23,V,0.27,V,0.29,V,0.29,V,0.25,V,0.29,V,0.26,V,0.26,V,0.24,V,0.24,V
08,Barcelona,019,Barcelona,057,106,2026,1,20,0.22,V,0.21,V,0.26,V,0.25,V,0.26,V,0.3,V,0.33,V,0.35,V,0.32,V,0.3,V,0.31,V,0.31,V,0.3,V,0.26,V,0.32,V,0.37,V,0.39,V,0.41,V,0.37,V,0.39,V,0.38,V,0.37,V,0.37,V,0.35,V
08,Barcelona,019,Barcelona,057,106,2026,1,21,0.34,V,0.34,V,0.35,V,0.32,V,0.36,V,0.37,V,0.38,V,0.47,V,0.7,V,0.64,V,0.4,V,,N,0.56,V,0.38,V,0.25,V,0.27,V,0.29,V,0.32,V,0.28,V,0.3,V,0.22,V,0.19,V,0.22,V,0.18,V
08,Barcelona,019,Barcelona,057,106,2026,1,22,0.16,V,0.15,V,0.15,V,0.15,V,0.18,V,0.19,V,0.2,V,0.21,V,0.2,V,,N,,N,,N,,N,,N,,N,,N,,N,,N,,N,,N,,N,,N,,N,,N
08,Barcelona,019,Barcelona,054,6,2026,1,19,0.2,V,0.2,V,0.2,V,0.2,V,0.2,V,0.2,V,0.2,V,0.2,V,0.3,V,0.3,V,0.2,V,0.2,V,0.2,V,0.2,V,0.2,V,0.3,V,0.3,V,0.3,V,0.3,V,0.3,V,0.2,V,0.3,V,0.2,V,0.2,V
08,Barcelona,019,Barcelona,054,6,2026,1,20,0.2,V,0.2,V,0.2,V,0.2,V,0.2,V,0.2,V,0.2,V,0.2,V,0.2,V,0.2,V,,N,0.3,V,0.3,V,0.3,V,0.3,V,0.3,V,0.3,V,0.3,V,0.3,V,0.3,V,0.3,V,0.3,V,0.3,V,0.3,V
08,Barcelona,019,Barcelona,054,6,2026,1,21,0.2,V,0.2,V,0.3,V,0.2,V,0.3,V,0.3,V,0.4,V,0.4,V,0.4,V,0.3,V,0.2,V,0.3,V,0.3,V,0.3,V,0.3,V,0.2,V,0.2,V,0.3,V,0.3,V,0.3,V,0.3,V,0.2,V,0.2,V,0.2,V
08,Barcelona,019,Barcelona,054,6,2026,1,22,0.2,V,0.2,V,0.2,V,0.2,V,0.2,V,0.2,V,0.2,V,0.2,V,0.2,V,,N,,N,,N,,N,,N,,N,,N,,N,,N,,N,,N,,N,,N,,N,,N
08,Barcelona,019,Barcelona,043,997,2026,1,19,3897,V,3897,V,3897,V,3897,V,3897,V,3897,V,3897,V,3897,V,3896.2,V,3918.1,V,3911.3,V,3909,V,3909,V,3909,V,3908.2,V,3904.1,V,3899.9,V,3897.6,V,3897,V,3897,V,3897,V,3897,V,3897,V,3897,V
08,Barcelona,019,Barcelona,043,997,2026,1,20,3909,V,3909,V,3909,V,3909,V,3909,V,3909,V,3908.9,V,3908.6,V,3907.2,V,3904.1,V,3900.3,V,3897.4,V,3897,V,3897,V,3897,V,3897,V,3896.9,V,3895.9,V,3892.5,V,3887.7,V,3885.2,V,3885,V,3885,V,3885,V
08,Barcelona,019,Barcelona,043,997,2026,1,21,3885,V,3917.2,V,3911.4,V,3909.1,V,3909,V,3909,V,3909,V,3907.5,V,3903.4,V,3898.5,V,3897,V,3897,V,3897,V,3896.9,V,3895.8,V,3892.7,V,3887.3,V,3885.7,V,3885,V,3897,V,3909,V,3908,V,3903.9,V,3900,V
08,Barcelona,019,Barcelona,043,997,2026,1,22,3897.6,V,3897,V,3897,V,3897,V,3897,V,3897,V,3897,V,3896.8,V,3895.2,V,,N,,N,,N,,N,,N,,N,,N,,N,,N,,N,,N,,N,,N,,N,,N
08,Barcelona,019,Barcelona,054,997,2026,1,19,4079.3,V,4079,V,4079,V,4079,V,4079,V,4079,V,4079,V,4079,V,4079,V,4086.1,V,4112.8,V,4109.3,V,4109,V,4109,V,4109,V,4109,V,4108.4,V,4103.7,V,4099.8,V,4099,V,4099,V,4099,V,4099,V,4099,V
08,Barcelona,019,Barcelona,054,997,2026,1,20,4099,V,4099,V,4099,V,4099,V,4099,V,4099,V,4099,V,4099,V,4099,V,4099,V,4099,V,4099,V,4099,V,4099,V,4099,V,4099,V,4098.6,V,4096.8,V,4093.3,V,4089.5,V,4089,V,4089,V,4089,V,4089,V
08,Barcelona,019,Barcelona,054,997,2026,1,21,4088.6,V,4084.9,V,4081.5,V,4079.1,V,4079,V,4079,V,4079,V,4077.3,V,4073.7,V,4070.5,V,4069.1,V,4069,V,4069,V,4081.2,V,4093.8,V,4089,V,4089,V,4089,V,4086.5,V,4081.1,V,4079.1,V,4079,V,4079,V,4079,V
08,Barcelona,019,Barcelona,054,997,2026,1,22,4079,V,4079,V,4078.9,V,4078.3,V,4076.2,V,4072.6,V,4070.2,V,4069.5,V,4069,V,,N,,N,,N,,N,,N,,N,,N,,N,,N,,N,,N,,N,,N,,N,,N
08,Barcelona,019,Barcelona,043,996,2026,1,19,1102,V,1102,V,1102,V,1102,V,1102,V,1102,V,1102,V,1102,V,1102.8,V,1080.9,V,1087.7,V,1090,V,1090,V,1090,V,1090.8,V,1094.9,V,1099.1,V,1101.4,V,1102,V,1102,V,1102,V,1102,V,1102,V,1102,V
08,Barcelona,019,Barcelona,043,996,2026,1,20,1090,V,1090,V,1090,V,1090,V,1090,V,1090,V,1090.1,V,1090.4,V,1091.8,V,1094.9,V,1098.8,V,1101.6,V,1102,V,1102,V,1102,V,1102,V,1102.1,V,1103.1,V,1106.5,V,1111.4,V,1113.8,V,1114,V,1114,V,1114,V
08,Barcelona,019,Barcelona,043,996,2026,1,21,1114,V,1081.8,V,1087.7,V,1089.9,V,1090,V,1090,V,1090,V,1091.5,V,1095.6,V,1100.5,V,1102,V,1102,V,1102,V,1102.1,V,1103.2,V,1106.3,V,1111.7,V,1113.4,V,1114,V,1102,V,1090,V,1091,V,1095.1,V,1099,V
08,Barcelona,019,Barcelona,043,996,2026,1,22,1101.4,V,1102,V,1102,V,1102,V,1102,V,1102,V,1102,V,1102.2,V,1103.8,V,,N,,N,,N,,N,,N,,N,,N,,N,,N,,N,,N,,N,,N,,N,,N
08,Barcelona,019,Barcelona,054,996,2026,1,19,892.9,V,893.3,V,893.4,V,893.4,V,893.4,V,893.1,V,893.2,V,893.3,V,893.2,V,886.1,V,859.4,V,863,V,863.2,V,863.1,V,863.3,V,863.2,V,863.8,V,868.4,V,872.4,V,873.1,V,873.2,V,873.2,V,873.2,V,873.1,V
08,Barcelona,019,Barcelona,054,996,2026,1,20,873,V,873.2,V,873.1,V,873.1,V,873.1,V,873.2,V,873.1,V,873.2,V,873.2,V,873.1,V,873.2,V,873.1,V,873.2,V,873.2,V,873.3,V,873.2,V,873.7,V,875.3,V,878.9,V,882.6,V,883.2,V,883.2,V,883.3,V,883.2,V
08,Barcelona,019,Barcelona,054,996,2026,1,21,883.7,V,887.4,V,890.8,V,893.1,V,893.3,V,893.3,V,893.4,V,895,V,898.6,V,901.6,V,903.3,V,903.2,V,903.1,V,890.8,V,878.5,V,883.2,V,883.3,V,883.3,V,885.8,V,891.1,V,893.1,V,893.2,V,893.2,V,893.2,V
08,Barcelona,019,Barcelona,054,996,2026,1,22,893.3,V,893.3,V,893.3,V,894,V,896,V,899.6,V,901.9,V,902.6,V,903.1,V,,N,,N,,N,,N,,N,,N,,N,,N,,N,,N,,N,,N,,N,,N,,N
08,Barcelona,019,Barcelona,043,998,2026,1,19,4999,V,4999,V,4999,V,4999,V,4999,V,4999,V,4999,V,4999,V,4999,V,4999,V,4999,V,4999,V,4999,V,4999,V,4999,V,4999,V,4999,V,4999,V,4999,V,4999,V,4999,V,4999,V,4999,V,4999,V
08,Barcelona,019,Barcelona,043,998,2026,1,20,4999,V,4999,V,4999,V,4999,V,4999,V,4999,V,4999,V,4999,V,4999,V,4999,V,4999,V,4999,V,4999,V,4999,V,4999,V,4999,V,4999,V,4999,V,4999,V,4999,V,4999,V,4999,V,4999,V,4999,V
08,Barcelona,019,Barcelona,043,998,2026,1,21,4999,V,4999,V,4999,V,4999,V,4999,V,4999,V,4999,V,4999,V,4999,V,4999,V,4999,V,4999,V,4999,V,4999,V,4999,V,4999,V,4999,V,4999,V,4999,V,4999,V,4999,V,4999,V,4999,V,4999,V
08,Barcelona,019,Barcelona,043,998,2026,1,22,4999,V,4999,V,4999,V,4999,V,4999,V,4999,V,4999,V,4999,V,4999,V,,N,,N,,N,,N,,N,,N,,N,,N,,N,,N,,N,,N,,N,,N,,N
08,Barcelona,019,Barcelona,054,998,2026,1,19,4972.1,V,4972.3,V,4972.4,V,4972.4,V,4972.4,V,4972.1,V,4972.2,V,4972.3,V,4972.2,V,4972.2,V,4972.3,V,4972.3,V,4972.2,V,4972.1,V,4972.3,V,4972.2,V,4972.2,V,4972.1,V,4972.2,V,4972.1,V,4972.2,V,4972.2,V,4972.2,V,4972.1,V
08,Barcelona,019,Barcelona,054,998,2026,1,20,4972,V,4972.2,V,4972.1,V,4972.1,V,4972.1,V,4972.2,V,4972.1,V,4972.2,V,4972.2,V,4972.1,V,4972.2,V,4972.1,V,4972.2,V,4972.2,V,4972.3,V,4972.2,V,4972.3,V,4972.1,V,4972.2,V,4972.2,V,4972.2,V,4972.2,V,4972.3,V,4972.2,V
08,Barcelona,019,Barcelona,054,998,2026,1,21,4972.3,V,4972.2,V,4972.3,V,4972.2,V,4972.3,V,4972.3,V,4972.4,V,4972.3,V,4972.3,V,4972.1,V,4972.3,V,4972.2,V,4972.1,V,4972.1,V,4972.2,V,4972.2,V,4972.3,V,4972.2,V,4972.3,V,4972.2,V,4972.2,V,4972.2,V,4972.2,V,4972.2,V
08,Barcelona,019,Barcelona,054,998,2026,1,22,4972.3,V,4972.3,V,4972.2,V,4972.3,V,4972.2,V,4972.2,V,4972.1,V,4972,V,4972.1,V,,N,,N,,N,,N,,N,,N,,N,,N,,N,,N,,N,,N,,N,,N,,N
08,Barcelona,019,Barcelona,050,7,2026,1,19,1,V,1,V,1,V,1,V,1,V,1,V,1,V,3,V,8,V,22,V,15,V,7,V,4,V,5,V,4,V,3,V,4,V,1,V,1,V,1,V,1,V,1,V,1,V,1,V
08,Barcelona,019,Barcelona,050,7,2026,1,20,1,V,1,V,1,V,1,V,1,V,1,V,1,V,1,V,1,V,1,V,2,V,2,V,1,V,,N,2,V,1,V,1,V,1,V,1,V,1,V,1,V,1,V,1,V,1,V
08,Barcelona,019,Barcelona,050,7,2026,1,21,1,V,1,V,1,V,1,V,1,V,1,V,2,V,7,V,22,V,22,V,8,V,4,V,5,V,3,V,3,V,2,V,2,V,1,V,1,V,1,V,1,V,1,V,1,V,1,V
08,Barcelona,019,Barcelona,050,7,2026,1,22,1,V,1,V,1,V,1,V,1,V,1,V,1,V,1,V,1,V,,N,,N,,N,,N,,N,,N,,N,,N,,N,,N,,N,,N,,N,,N,,N
08,Barcelona,019,Barcelona,043,7,2026,1,19,2,V,2,V,1,V,1,V,1,V,2,V,5,V,19,V,29,V,28,V,18,V,19,V,12,V,11,V,15,V,10,V,7,V,7,V,9,V,6,V,2,V,1,V,2,V,1,V
08,Barcelona,019,Barcelona,043,7,2026,1,20,1,V,1,V,1,V,1,V,1,V,2,V,4,V,7,V,6,V,10,V,9,V,13,V,9,V,12,V,10,V,5,V,5,V,5,V,5,V,4,V,3,V,2,V,3,V,3,V
08,Barcelona,019,Barcelona,043,7,2026,1,21,3,V,2,V,2,V,1,V,2,V,4,V,13,V,13,V,17,V,7,V,11,V,7,V,4,V,5,V,4,V,5,V,5,V,3,V,4,V,3,V,3,V,2,V,1,V,1,V
08,Barcelona,019,Barcelona,043,7,2026,1,22,1,V,1,V,1,V,1,V,1,V,2,V,2,V,10,V,12,V,,N,,N,,N,,N,,N,,N,,N,,N,,N,,N,,N,,N,,N,,N,,N
08,Barcelona,019,Barcelona,044,7,2026,1,19,2,V,2,V,2,V,1,V,2,V,2,V,3,V,13,V,20,V,28,V,18,V,21,V,11,V,8,V,9,V,13,V,15,V,11,V,12,V,10,V,5,V,4,V,3,V,4,V
08,Barcelona,019,Barcelona,044,7,2026,1,20,2,V,2,V,1,V,3,V,1,V,3,V,2,V,7,V,11,V,11,V,10,V,8,V,10,V,9,V,10,V,9,V,8,V,7,V,7,V,6,V,7,V,7,V,6,V,4,V
08,Barcelona,019,Barcelona,044,7,2026,1,21,2,V,2,V,5,V,10,V,2,V,4,V,14,V,16,V,27,V,13,V,10,V,,N,,N,12,V,7,V,9,V,8,V,9,V,8,V,6,V,6,V,3,V,5,V,5,V
08,Barcelona,019,Barcelona,044,7,2026,1,22,2,V,2,V,1,V,4,V,2,V,2,V,3,V,6,V,15,V,,N,,N,,N,,N,,N,,N,,N,,N,,N,,N,,N,,N,,N,,N,,N
08,Barcelona,019,Barcelona,058,7,2026,1,19,1,V,1,V,1,V,1,V,1,V,1,V,1,V,1,V,1,V,1,V,1,V,2,V,1,V,1,V,1,V,1,V,1,V,1,V,1,V,1,V,1,V,1,V,1,V,1,V
08,Barcelona,019,Barcelona,058,7,2026,1,20,1,V,1,V,1,V,1,V,1,V,1,V,1,V,1,V,1,V,1,V,1,V,1,V,1,V,1,V,1,V,1,V,1,V,1,V,1,V,1,V,1,V,1,V,1,V,1,V
08,Barcelona,019,Barcelona,058,7,2026,1,21,1,V,1,V,1,V,1,V,1,V,1,V,1,V,1,V,1,V,,N,,N,1,V,2,V,2,V,2,V,2,V,2,V,2,V,2,V,1,V,1,V,1,V,2,V,2,V
08,Barcelona,019,Barcelona,058,7,2026,1,22,1,V,1,V,1,V,1,V,1,V,1,V,1,V,1,V,1,V,,N,,N,,N,,N,,N,,N,,N,,N,,N,,N,,N,,N,,N,,N,,N
08,Barcelona,019,Barcelona,057,7,2026,1,19,1,V,1,V,1,V,1,V,1,V,1,V,1,V,1,V,2,V,3,V,3,V,2,V,2,V,2,V,1,V,1,V,1,V,1,V,1,V,1,V,1,V,1,V,1,V,1,V
08,Barcelona,019,Barcelona,057,7,2026,1,20,1,V,1,V,1,V,1,V,1,V,1,V,1,V,1,V,1,V,1,V,1,V,1,V,2,V,2,V,1,V,1,V,1,V,1,V,1,V,1,V,1,V,1,V,1,V,1,V
08,Barcelona,019,Barcelona,057,7,2026,1,21,1,V,1,V,1,V,1,V,1,V,1,V,5,V,4,V,22,V,6,V,,N,,N,5,V,2,V,2,V,2,V,1,V,2,V,1,V,1,V,1,V,1,V,1,V,1,V
08,Barcelona,019,Barcelona,057,7,2026,1,22,1,V,1,V,1,V,1,V,1,V,1,V,1,V,1,V,1,V,,N,,N,,N,,N,,N,,N,,N,,N,,N,,N,,N,,N,,N,,N,,N
08,Barcelona,019,Barcelona,057,107,2026,1,19,0.01,V,0.03,V,-0.02,V,0.01,V,0.04,V,0.06,V,0.3,V,0.49,V,1.89,V,3.16,V,2.8,V,1.69,V,1.41,V,1.79,V,1.23,V,0.96,V,0.8,V,0.97,V,0.45,V,0.36,V,0.41,V,0.34,V,0.21,V,0.09,V
08,Barcelona,019,Barcelona,057,107,2026,1,20,0.12,V,0.08,V,0.11,V,0.13,V,0.25,V,0.34,V,0.39,V,0.87,V,1.09,V,1.15,V,1.09,V,1.14,V,1.42,V,1.29,V,0.69,V,0.65,V,0.72,V,0.91,V,0.51,V,0.14,V,0.34,V,0.2,V,0.21,V,0.24,V
08,Barcelona,019,Barcelona,057,107,2026,1,21,0.15,V,0.12,V,-0.01,V,0.1,V,0.14,V,0.24,V,5.04,V,3.82,V,21.45,V,5.54,V,,N,,N,4.59,V,2.04,V,2.04,V,1.98,V,1.41,V,1.47,V,0.71,V,0.36,V,0.21,V,0.24,V,0.05,V,0.1,V
08,Barcelona,019,Barcelona,057,107,2026,1,22,0,V,0.06,V,-0.03,V,0.02,V,0.13,V,0.09,V,0.64,V,0.75,V,1.47,V,,N,,N,,N,,N,,N,,N,,N,,N,,N,,N,,N,,N,,N,,N,,N
08,Barcelona,019,Barcelona,004,7,2026,1,19,1,V,1,V,1,V,1,V,1,V,1,V,1,V,3,V,20,V,43,V,28,V,17,V,3,V,9,V,8,V,4,V,4,V,2,V,1,V,2,V,1,V,1,V,1,V,1,V
08,Barcelona,019,Barcelona,004,7,2026,1,20,1,V,1,V,1,V,1,V,1,V,1,V,1,V,1,V,2,V,2,V,,N,,N,1,V,1,V,2,V,1,V,1,V,1,V,1,V,1,V,1,V,1,V,1,V,1,V
08,Barcelona,019,Barcelona,004,7,2026,1,21,1,V,1,V,1,V,1,V,1,V,1,V,1,V,7,V,25,V,30,V,15,V,10,V,8,V,7,V,6,V,4,V,5,V,4,V,3,V,1,V,1,V,1,V,1,V,1,V
08,Barcelona,019,Barcelona,004,7,2026,1,22,1,V,1,V,1,V,1,V,1,V,1,V,1,V,1,V,3,V,,N,,N,,N,,N,,N,,N,,N,,N,,N,,N,,N,,N,,N,,N,,N
08,Barcelona,019,Barcelona,042,7,2026,1,19,1,V,1,V,1,V,1,V,1,V,1,V,1,V,1,V,1,V,4,V,5,V,3,V,1,V,1,V,1,V,1,V,1,V,1,V,1,V,1,V,1,V,1,V,1,V,1,V
08,Barcelona,019,Barcelona,042,7,2026,1,20,1,V,1,V,1,V,1,V,1,V,1,V,1,V,1,V,1,V,1,V,1,V,1,V,1,V,1,V,1,V,1,V,1,V,1,V,1,V,1,V,1,V,1,V,1,V,1,V
08,Barcelona,019,Barcelona,042,7,2026,1,21,1,V,1,V,1,V,1,V,1,V,1,V,1,V,1,V,15,V,,N,,N,,N,,N,1,V,1,V,1,V,1,V,1,V,1,V,1,V,1,V,1,V,1,V,1,V
08,Barcelona,019,Barcelona,042,7,2026,1,22,1,V,1,V,1,V,1,V,1,V,1,V,1,V,1,V,1,V,,N,,N,,N,,N,,N,,N,,N,,N,,N,,N,,N,,N,,N,,N,,N
08,Barcelona,019,Barcelona,054,7,2026,1,19,1,V,1,V,1,V,1,V,1,V,1,V,1,V,3,V,5,V,6,V,5,V,6,V,3,V,2,V,2,V,3,V,3,V,2,V,2,V,2,V,1,V,1,V,1,V,1,V
08,Barcelona,019,Barcelona,054,7,2026,1,20,1,V,1,V,1,V,1,V,1,V,1,V,1,V,1,V,1,V,1,V,1,V,,N,,N,2,V,2,V,2,V,2,V,1,V,2,V,2,V,1,V,1,V,1,V,1,V
08,Barcelona,019,Barcelona,054,7,2026,1,21,1,V,1,V,1,V,1,V,1,V,1,V,3,V,6,V,4,V,2,V,2,V,1,V,1,V,2,V,1,V,1,V,1,V,1,V,1,V,1,V,1,V,1,V,1,V,1,V
08,Barcelona,019,Barcelona,054,7,2026,1,22,1,V,1,V,1,V,1,V,1,V,1,V,1,V,1,V,6,V,,N,,N,,N,,N,,N,,N,,N,,N,,N,,N,,N,,N,,N,,N,,N
08,Barcelona,019,Barcelona,050,8,2026,1,19,14,V,11,V,10,V,9,V,9,V,13,V,22,V,34,V,53,V,57,V,58,V,45,V,33,V,37,V,38,V,33,V,36,V,27,V,21,V,14,V,12,V,8,V,7,V,6,V
08,Barcelona,019,Barcelona,050,8,2026,1,20,5,V,4,V,4,V,3,V,3,V,6,V,10,V,18,V,20,V,20,V,30,V,24,V,18,V,,N,30,V,17,V,17,V,17,V,18,V,11,V,12,V,11,V,11,V,10,V
08,Barcelona,019,Barcelona,050,8,2026,1,21,13,V,13,V,14,V,14,V,19,V,17,V,27,V,42,V,51,V,48,V,35,V,26,V,31,V,20,V,16,V,17,V,22,V,24,V,22,V,24,V,20,V,20,V,14,V,13,V
08,Barcelona,019,Barcelona,050,8,2026,1,22,14,V,12,V,9,V,13,V,13,V,13,V,9,V,11,V,18,V,,N,,N,,N,,N,,N,,N,,N,,N,,N,,N,,N,,N,,N,,N,,N
08,Barcelona,019,Barcelona,043,8,2026,1,19,18,V,14,V,12,V,10,V,12,V,24,V,34,V,60,V,69,V,62,V,58,V,55,V,44,V,41,V,40,V,40,V,36,V,43,V,40,V,37,V,27,V,19,V,14,V,11,V
08,Barcelona,019,Barcelona,043,8,2026,1,20,10,V,7,V,4,V,3,V,5,V,8,V,11,V,24,V,27,V,32,V,32,V,36,V,30,V,36,V,44,V,36,V,29,V,34,V,34,V,35,V,26,V,25,V,28,V,29,V
08,Barcelona,019,Barcelona,043,8,2026,1,21,25,V,16,V,15,V,26,V,23,V,37,V,52,V,57,V,60,V,45,V,38,V,34,V,33,V,23,V,19,V,20,V,24,V,25,V,33,V,31,V,24,V,24,V,18,V,15,V
08,Barcelona,019,Barcelona,043,8,2026,1,22,13,V,13,V,12,V,14,V,13,V,19,V,13,V,24,V,34,V,,N,,N,,N,,N,,N,,N,,N,,N,,N,,N,,N,,N,,N,,N,,N
08,Barcelona,019,Barcelona,044,8,2026,1,19,18,V,16,V,13,V,12,V,9,V,22,V,23,V,43,V,50,V,54,V,49,V,47,V,33,V,30,V,29,V,34,V,37,V,40,V,36,V,31,V,18,V,13,V,11,V,10,V
08,Barcelona,019,Barcelona,044,8,2026,1,20,7,V,5,V,4,V,4,V,4,V,7,V,8,V,19,V,26,V,27,V,23,V,22,V,23,V,25,V,32,V,25,V,21,V,22,V,24,V,24,V,22,V,27,V,26,V,24,V
08,Barcelona,019,Barcelona,044,8,2026,1,21,16,V,11,V,14,V,25,V,18,V,35,V,41,V,58,V,65,V,45,V,29,V,,N,,N,36,V,27,V,28,V,32,V,39,V,41,V,36,V,31,V,26,V,20,V,19,V
08,Barcelona,019,Barcelona,044,8,2026,1,22,13,V,18,V,13,V,14,V,14,V,12,V,9,V,15,V,31,V,,N,,N,,N,,N,,N,,N,,N,,N,,N,,N,,N,,N,,N,,N,,N
08,Barcelona,019,Barcelona,058,8,2026,1,19,5,V,5,V,5,V,5,V,3,V,4,V,2,V,2,V,4,V,8,V,8,V,10,V,9,V,8,V,5,V,6,V,6,V,6,V,6,V,6,V,5,V,5,V,4,V,5,V
08,Barcelona,019,Barcelona,058,8,2026,1,20,4,V,3,V,2,V,2,V,2,V,2,V,3,V,5,V,7,V,6,V,5,V,4,V,6,V,6,V,7,V,8,V,8,V,8,V,7,V,6,V,5,V,6,V,5,V,5,V
08,Barcelona,019,Barcelona,058,8,2026,1,21,5,V,3,V,2,V,2,V,4,V,3,V,3,V,5,V,5,V,,N,,N,8,V,10,V,14,V,9,V,4,V,4,V,5,V,7,V,6,V,5,V,4,V,4,V,4,V
08,Barcelona,019,Barcelona,058,8,2026,1,22,3,V,3,V,4,V,6,V,6,V,4,V,3,V,5,V,6,V,,N,,N,,N,,N,,N,,N,,N,,N,,N,,N,,N,,N,,N,,N,,N
08,Barcelona,019,Barcelona,057,8,2026,1,19,10,V,10,V,11,V,11,V,11,V,11,V,10,V,14,V,34,V,28,V,26,V,17,V,15,V,16,V,13,V,9,V,11,V,14,V,12,V,11,V,12,V,10,V,9,V,9,V
08,Barcelona,019,Barcelona,057,8,2026,1,20,9,V,5,V,5,V,3,V,4,V,4,V,5,V,8,V,12,V,12,V,10,V,10,V,12,V,11,V,12,V,17,V,19,V,20,V,21,V,13,V,12,V,12,V,11,V,10,V
08,Barcelona,019,Barcelona,057,8,2026,1,21,8,V,6,V,5,V,7,V,11,V,16,V,39,V,33,V,45,V,29,V,,N,,N,33,V,18,V,17,V,14,V,14,V,27,V,29,V,23,V,15,V,20,V,13,V,11,V
08,Barcelona,019,Barcelona,057,8,2026,1,22,8,V,6,V,4,V,6,V,6,V,4,V,5,V,7,V,12,V,,N,,N,,N,,N,,N,,N,,N,,N,,N,,N,,N,,N,,N,,N,,N
08,Barcelona,019,Barcelona,057,108,2026,1,19,10.11,V,10.16,V,10.58,V,10.88,V,10.97,V,10.41,V,9.99,V,14.43,V,33.98,V,27.59,V,25.58,V,16.76,V,15.16,V,16.08,V,13.37,V,9.23,V,10.52,V,14.16,V,12.03,V,10.46,V,11.49,V,9.83,V,8.9,V,8.51,V
08,Barcelona,019,Barcelona,057,108,2026,1,20,8.91,V,4.57,V,5.46,V,2.72,V,3.59,V,3.74,V,4.73,V,7.41,V,11.65,V,12.02,V,10.28,V,9.52,V,11.96,V,11.12,V,12.32,V,16.33,V,18.58,V,19.65,V,20.24,V,12.86,V,11.91,V,11.39,V,11.28,V,10.48,V
08,Barcelona,019,Barcelona,057,108,2026,1,21,8.19,V,6.19,V,4.64,V,7.04,V,11.16,V,16.17,V,38.66,V,33.05,V,45.15,V,29.2,V,,N,,N,33.17,V,17.47,V,16.6,V,13.35,V,14.46,V,27,V,28.34,V,23.1,V,14.83,V,19.45,V,13.2,V,10.59,V
08,Barcelona,019,Barcelona,057,108,2026,1,22,7.7,V,6.13,V,4.31,V,5.46,V,6.3,V,3.86,V,5.01,V,7.09,V,11.4,V,,N,,N,,N,,N,,N,,N,,N,,N,,N,,N,,N,,N,,N,,N,,N
08,Barcelona,019,Barcelona,004,8,2026,1,19,19,V,16,V,13,V,11,V,10,V,18,V,29,V,50,V,58,V,58,V,60,V,55,V,29,V,45,V,42,V,30,V,34,V,23,V,21,V,13,V,11,V,8,V,6,V,6,V
08,Barcelona,019,Barcelona,004,8,2026,1,20,5,V,3,V,2,V,2,V,2,V,5,V,19,V,16,V,17,V,19,V,,N,,N,21,V,35,V,27,V,12,V,15,V,14,V,15,V,20,V,14,V,15,V,9,V,10,V
08,Barcelona,019,Barcelona,004,8,2026,1,21,10,V,18,V,19,V,10,V,13,V,20,V,33,V,49,V,53,V,56,V,44,V,37,V,38,V,29,V,22,V,19,V,25,V,27,V,27,V,25,V,20,V,20,V,16,V,12,V
08,Barcelona,019,Barcelona,004,8,2026,1,22,11,V,13,V,17,V,18,V,19,V,16,V,10,V,16,V,30,V,,N,,N,,N,,N,,N,,N,,N,,N,,N,,N,,N,,N,,N,,N,,N
08,Barcelona,019,Barcelona,042,8,2026,1,19,18,V,12,V,11,V,9,V,8,V,13,V,16,V,29,V,40,V,41,V,40,V,34,V,23,V,21,V,19,V,20,V,23,V,30,V,29,V,25,V,22,V,17,V,11,V,8,V
08,Barcelona,019,Barcelona,042,8,2026,1,20,6,V,4,V,4,V,4,V,4,V,5,V,6,V,13,V,20,V,20,V,18,V,17,V,16,V,19,V,23,V,24,V,21,V,20,V,22,V,24,V,20,V,20,V,24,V,17,V
08,Barcelona,019,Barcelona,042,8,2026,1,21,13,V,9,V,7,V,11,V,13,V,15,V,23,V,37,V,54,V,,N,,N,,N,,N,14,V,11,V,11,V,12,V,17,V,21,V,20,V,13,V,13,V,12,V,10,V
08,Barcelona,019,Barcelona,042,8,2026,1,22,8,V,8,V,7,V,7,V,8,V,8,V,6,V,12,V,20,V,,N,,N,,N,,N,,N,,N,,N,,N,,N,,N,,N,,N,,N,,N,,N
08,Barcelona,019,Barcelona,054,8,2026,1,19,15,V,14,V,16,V,12,V,15,V,17,V,16,V,23,V,43,V,35,V,33,V,34,V,25,V,24,V,23,V,24,V,29,V,30,V,24,V,20,V,16,V,14,V,11,V,13,V
08,Barcelona,019,Barcelona,054,8,2026,1,20,12,V,9,V,9,V,6,V,7,V,6,V,8,V,15,V,17,V,18,V,15,V,,N,,N,17,V,22,V,24,V,22,V,22,V,23,V,18,V,15,V,16,V,20,V,15,V
08,Barcelona,019,Barcelona,054,8,2026,1,21,11,V,7,V,7,V,6,V,12,V,26,V,39,V,34,V,27,V,21,V,17,V,14,V,21,V,25,V,17,V,10,V,12,V,20,V,26,V,22,V,21,V,12,V,7,V,6,V
08,Barcelona,019,Barcelona,054,8,2026,1,22,6,V,10,V,16,V,10,V,15,V,8,V,8,V,11,V,22,V,,N,,N,,N,,N,,N,,N,,N,,N,,N,,N,,N,,N,,N,,N,,N
08,Barcelona,019,Barcelona,050,12,2026,1,19,14,V,11,V,10,V,8,V,9,V,13,V,23,V,37,V,64,V,90,V,81,V,57,V,38,V,44,V,44,V,38,V,42,V,28,V,22,V,14,V,12,V,8,V,6,V,6,V
08,Barcelona,019,Barcelona,050,12,2026,1,20,5,V,4,V,3,V,3,V,3,V,6,V,10,V,17,V,20,V,21,V,33,V,26,V,19,V,,N,32,V,18,V,18,V,18,V,19,V,11,V,12,V,11,V,11,V,10,V
08,Barcelona,019,Barcelona,050,12,2026,1,21,13,V,12,V,14,V,14,V,18,V,17,V,29,V,52,V,85,V,82,V,47,V,32,V,39,V,24,V,21,V,19,V,24,V,25,V,23,V,25,V,21,V,20,V,15,V,13,V
08,Barcelona,019,Barcelona,050,12,2026,1,22,14,V,12,V,9,V,13,V,12,V,13,V,8,V,11,V,19,V,,N,,N,,N,,N,,N,,N,,N,,N,,N,,N,,N,,N,,N,,N,,N
08,Barcelona,019,Barcelona,044,12,2026,1,19,22,V,19,V,15,V,14,V,11,V,24,V,27,V,63,V,80,V,96,V,77,V,79,V,50,V,43,V,44,V,54,V,60,V,57,V,54,V,45,V,26,V,19,V,16,V,16,V
08,Barcelona,019,Barcelona,044,12,2026,1,20,9,V,7,V,5,V,7,V,5,V,10,V,11,V,30,V,42,V,43,V,38,V,33,V,38,V,38,V,48,V,39,V,34,V,32,V,34,V,33,V,33,V,37,V,35,V,31,V
08,Barcelona,019,Barcelona,044,12,2026,1,21,20,V,15,V,21,V,41,V,20,V,41,V,62,V,83,V,106,V,65,V,44,V,,N,,N,54,V,37,V,41,V,44,V,52,V,53,V,45,V,39,V,31,V,28,V,26,V
08,Barcelona,019,Barcelona,044,12,2026,1,22,15,V,21,V,15,V,20,V,17,V,15,V,13,V,23,V,54,V,,N,,N,,N,,N,,N,,N,,N,,N,,N,,N,,N,,N,,N,,N,,N
08,Barcelona,019,Barcelona,058,12,2026,1,19,7,V,7,V,7,V,7,V,5,V,5,V,3,V,3,V,6,V,10,V,10,V,12,V,11,V,10,V,7,V,7,V,8,V,8,V,7,V,7,V,7,V,6,V,5,V,6,V
08,Barcelona,019,Barcelona,058,12,2026,1,20,6,V,4,V,3,V,3,V,3,V,3,V,4,V,5,V,8,V,7,V,6,V,5,V,7,V,6,V,8,V,9,V,9,V,9,V,8,V,8,V,7,V,7,V,7,V,7,V
08,Barcelona,019,Barcelona,058,12,2026,1,21,7,V,5,V,4,V,4,V,6,V,5,V,5,V,8,V,8,V,,N,,N,9,V,12,V,18,V,12,V,7,V,6,V,7,V,10,V,8,V,7,V,6,V,7,V,6,V
08,Barcelona,019,Barcelona,058,12,2026,1,22,5,V,5,V,6,V,8,V,8,V,6,V,5,V,6,V,8,V,,N,,N,,N,,N,,N,,N,,N,,N,,N,,N,,N,,N,,N,,N,,N
08,Barcelona,019,Barcelona,057,12,2026,1,19,10,V,10,V,11,V,11,V,11,V,11,V,11,V,15,V,37,V,33,V,30,V,19,V,17,V,19,V,15,V,11,V,12,V,16,V,13,V,11,V,12,V,10,V,9,V,9,V
08,Barcelona,019,Barcelona,057,12,2026,1,20,9,V,5,V,6,V,3,V,4,V,5,V,5,V,9,V,13,V,14,V,12,V,11,V,14,V,13,V,13,V,17,V,20,V,21,V,21,V,13,V,13,V,12,V,12,V,11,V
08,Barcelona,019,Barcelona,057,12,2026,1,21,9,V,6,V,5,V,7,V,11,V,17,V,46,V,39,V,78,V,38,V,,N,,N,40,V,21,V,20,V,16,V,17,V,29,V,29,V,24,V,15,V,20,V,13,V,11,V
08,Barcelona,019,Barcelona,057,12,2026,1,22,8,V,6,V,4,V,6,V,6,V,4,V,6,V,8,V,14,V,,N,,N,,N,,N,,N,,N,,N,,N,,N,,N,,N,,N,,N,,N,,N
08,Barcelona,019,Barcelona,057,112,2026,1,19,10.12,V,10.2,V,10.55,V,10.89,V,11.03,V,10.49,V,10.46,V,15.18,V,36.87,V,32.42,V,29.86,V,19.34,V,17.32,V,18.81,V,15.24,V,10.7,V,11.75,V,15.65,V,12.71,V,11.01,V,12.11,V,10.35,V,9.23,V,8.65,V
08,Barcelona,019,Barcelona,057,112,2026,1,20,9.1,V,4.69,V,5.63,V,2.91,V,3.97,V,4.27,V,5.33,V,8.74,V,13.31,V,13.77,V,11.95,V,11.25,V,14.12,V,13.09,V,13.38,V,17.33,V,19.68,V,21.03,V,21.02,V,13.08,V,12.43,V,11.69,V,11.61,V,10.84,V
08,Barcelona,019,Barcelona,057,112,2026,1,21,8.41,V,6.36,V,4.63,V,7.19,V,11.36,V,16.54,V,46.37,V,38.89,V,77.93,V,37.68,V,,N,,N,40.18,V,20.59,V,19.71,V,16.38,V,16.62,V,29.25,V,29.43,V,23.66,V,15.14,V,19.81,V,13.27,V,10.74,V
08,Barcelona,019,Barcelona,057,112,2026,1,22,7.69,V,6.22,V,4.27,V,5.49,V,6.49,V,4,V,5.98,V,8.23,V,13.65,V,,N,,N,,N,,N,,N,,N,,N,,N,,N,,N,,N,,N,,N,,N,,N
08,Barcelona,019,Barcelona,004,12,2026,1,19,19,V,15,V,12,V,11,V,10,V,17,V,28,V,55,V,89,V,123,V,103,V,82,V,33,V,59,V,54,V,36,V,41,V,24,V,22,V,15,V,11,V,8,V,5,V,6,V
08,Barcelona,019,Barcelona,004,12,2026,1,20,5,V,3,V,2,V,1,V,2,V,4,V,19,V,17,V,19,V,22,V,,N,,N,22,V,37,V,29,V,13,V,15,V,15,V,15,V,21,V,14,V,15,V,9,V,9,V
08,Barcelona,019,Barcelona,004,12,2026,1,21,9,V,18,V,18,V,10,V,12,V,20,V,34,V,60,V,91,V,102,V,67,V,52,V,51,V,40,V,31,V,24,V,32,V,33,V,32,V,27,V,21,V,21,V,17,V,12,V
08,Barcelona,019,Barcelona,004,12,2026,1,22,11,V,13,V,16,V,17,V,18,V,15,V,10,V,17,V,34,V,,N,,N,,N,,N,,N,,N,,N,,N,,N,,N,,N,,N,,N,,N,,N
08,Barcelona,019,Barcelona,042,12,2026,1,19,16,V,10,V,8,V,7,V,5,V,10,V,14,V,29,V,41,V,46,V,48,V,39,V,24,V,22,V,20,V,21,V,24,V,30,V,29,V,24,V,20,V,15,V,9,V,5,V
08,Barcelona,019,Barcelona,042,12,2026,1,20,4,V,2,V,2,V,2,V,2,V,3,V,4,V,11,V,19,V,20,V,18,V,17,V,16,V,20,V,22,V,24,V,21,V,20,V,21,V,24,V,18,V,19,V,23,V,16,V
08,Barcelona,019,Barcelona,042,12,2026,1,21,11,V,6,V,5,V,9,V,10,V,12,V,21,V,37,V,77,V,,N,,N,,N,,N,16,V,13,V,13,V,14,V,17,V,21,V,20,V,13,V,13,V,12,V,10,V
08,Barcelona,019,Barcelona,042,12,2026,1,22,8,V,7,V,7,V,7,V,8,V,8,V,6,V,13,V,23,V,,N,,N,,N,,N,,N,,N,,N,,N,,N,,N,,N,,N,,N,,N,,N
08,Barcelona,019,Barcelona,054,12,2026,1,19,13,V,12,V,14,V,10,V,13,V,17,V,17,V,27,V,50,V,44,V,40,V,43,V,30,V,28,V,26,V,27,V,33,V,33,V,25,V,22,V,17,V,15,V,10,V,12,V
08,Barcelona,019,Barcelona,054,12,2026,1,20,11,V,7,V,7,V,5,V,5,V,5,V,7,V,17,V,18,V,19,V,15,V,,N,,N,20,V,23,V,26,V,24,V,24,V,25,V,20,V,16,V,16,V,20,V,13,V
08,Barcelona,019,Barcelona,054,12,2026,1,21,9,V,5,V,5,V,4,V,10,V,25,V,42,V,42,V,32,V,24,V,21,V,15,V,22,V,27,V,19,V,10,V,11,V,19,V,25,V,20,V,19,V,10,V,5,V,4,V
08,Barcelona,019,Barcelona,054,12,2026,1,22,4,V,9,V,15,V,8,V,15,V,7,V,7,V,12,V,31,V,,N,,N,,N,,N,,N,,N,,N,,N,,N,,N,,N,,N,,N,,N,,N
08,Barcelona,019,Barcelona,057,995,2026,1,19,47,V,36,V,27,V,27,V,25,V,16,V,22,V,20,V,33,V,39,V,30,V,23,V,28,V,43,V,48,V,43,V,46,V,53,V,61,V,56,V,45,V,48,V,59,V,63,V
08,Barcelona,019,Barcelona,057,995,2026,1,20,53,V,38,V,16,V,9,V,5,V,3,V,2,V,3,V,6,V,7,V,8,V,11,V,16,V,16,V,22,V,40,V,69,V,74,V,71,V,103,V,104,V,108,V,113,V,112,V
08,Barcelona,019,Barcelona,057,995,2026,1,21,111,V,122,V,107,V,100,V,103,V,104,V,147,V,240,V,151,V,118,V,104,V,142,V,174,V,139,V,134,V,105,V,90,V,85,V,89,V,89,V,80,V,83,V,69,V,71,V
08,Barcelona,019,Barcelona,057,995,2026,1,22,62,V,71,V,76,V,79,V,71,V,76,V,88,V,127,V,152,V,,N,,N,,N,,N,,N,,N,,N,,N,,N,,N,,N,,N,,N,,N,,N
08,Barcelona,019,Barcelona,054,995,2026,1,19,117,V,69,V,49,V,49,V,34,V,52,V,41,V,41,V,78,V,74,V,55,V,73,V,74,V,100,V,87,V,120,V,146,V,139,V,112,V,95,V,61,V,64,V,69,V,72,V
08,Barcelona,019,Barcelona,054,995,2026,1,20,59,V,54,V,19,V,13,V,7,V,6,V,4,V,8,V,14,V,15,V,15,V,19,V,21,V,25,V,37,V,48,V,69,V,70,V,70,V,107,V,122,V,114,V,121,V,133,V
08,Barcelona,019,Barcelona,054,995,2026,1,21,135,V,150,V,152,V,158,V,135,V,136,V,139,V,187,V,132,V,122,V,120,V,127,V,165,V,176,V,151,V,110,V,91,V,96,V,102,V,100,V,104,V,94,V,79,V,84,V
08,Barcelona,019,Barcelona,054,995,2026,1,22,80,V,84,V,118,V,92,V,105,V,119,V,113,V,162,V,172,V,,N,,N,,N,,N,,N,,N,,N,,N,,N,,N,,N,,N,,N,,N,,N
08,Barcelona,019,Barcelona,050,14,2026,1,19,50,V,48,V,45,V,43,V,51,V,40,V,31,V,22,V,9,V,6,V,8,V,23,V,37,V,29,V,27,V,31,V,28,V,38,V,46,V,50,V,53,V,59,V,64,V,62,V
08,Barcelona,019,Barcelona,050,14,2026,1,20,62,V,65,V,69,V,71,V,71,V,66,V,59,V,53,V,51,V,52,V,39,V,46,V,52,V,,N,,N,53,V,56,V,55,V,55,V,64,V,61,V,63,V,61,V,61,V
08,Barcelona,019,Barcelona,050,14,2026,1,21,53,V,49,V,48,V,47,V,33,V,23,V,19,V,10,V,1,V,8,V,33,V,42,V,42,V,55,V,61,V,58,V,53,V,53,V,51,V,45,V,51,V,47,V,51,V,51,V
08,Barcelona,019,Barcelona,050,14,2026,1,22,52,V,53,V,58,V,45,V,41,V,44,V,52,V,48,V,39,V,,N,,N,,N,,N,,N,,N,,N,,N,,N,,N,,N,,N,,N,,N,,N
08,Barcelona,019,Barcelona,043,14,2026,1,19,53,V,57,V,56,V,58,V,52,V,38,V,31,V,14,V,10,V,11,V,17,V,24,V,32,V,31,V,31,V,31,V,35,V,27,V,33,V,34,V,43,V,52,V,58,V,60,V
08,Barcelona,019,Barcelona,043,14,2026,1,20,57,V,64,V,69,V,71,V,68,V,61,V,61,V,50,V,47,V,43,V,43,V,40,V,45,V,39,V,31,V,38,V,48,V,42,V,43,V,43,V,52,V,51,V,45,V,39,V
08,Barcelona,019,Barcelona,043,14,2026,1,21,41,V,48,V,48,V,34,V,35,V,20,V,13,V,8,V,7,V,17,V,29,V,38,V,39,V,54,V,58,V,57,V,52,V,53,V,45,V,42,V,51,V,47,V,50,V,51,V
08,Barcelona,019,Barcelona,043,14,2026,1,22,51,V,50,V,51,V,46,V,45,V,38,V,45,V,34,V,28,V,,N,,N,,N,,N,,N,,N,,N,,N,,N,,N,,N,,N,,N,,N,,N
08,Barcelona,019,Barcelona,044,14,2026,1,19,52,V,56,V,60,V,59,V,64,V,49,V,47,V,28,V,22,V,17,V,23,V,27,V,40,V,41,V,40,V,35,V,32,V,28,V,33,V,39,V,53,V,60,V,63,V,63,V
08,Barcelona,019,Barcelona,044,14,2026,1,20,65,V,68,V,71,V,72,V,70,V,63,V,63,V,53,V,46,V,47,V,50,V,50,V,50,V,49,V,40,V,49,V,55,V,54,V,52,V,53,V,54,V,47,V,45,V,44,V
08,Barcelona,019,Barcelona,044,14,2026,1,21,50,V,54,V,52,V,39,V,46,V,30,V,27,V,9,V,5,V,22,V,,N,,N,,N,,N,47,V,48,V,43,V,38,V,37,V,39,V,44,V,48,V,50,V,50,V
08,Barcelona,019,Barcelona,044,14,2026,1,22,56,V,50,V,54,V,52,V,50,V,49,V,53,V,44,V,28,V,,N,,N,,N,,N,,N,,N,,N,,N,,N,,N,,N,,N,,N,,N,,N
08,Barcelona,019,Barcelona,058,14,2026,1,19,73,V,73,V,73,V,73,V,74,V,73,V,74,V,75,V,65,V,55,V,62,V,59,V,61,V,62,V,63,V,61,V,60,V,61,V,63,V,61,V,61,V,62,V,65,V,65,V
08,Barcelona,019,Barcelona,058,14,2026,1,20,65,V,68,V,70,V,70,V,68,V,66,V,65,V,65,V,63,V,63,V,65,V,66,V,64,V,65,V,63,V,60,V,60,V,59,V,62,V,64,V,65,V,64,V,64,V,64,V
08,Barcelona,019,Barcelona,058,14,2026,1,21,62,V,64,V,66,V,66,V,64,V,67,V,66,V,55,V,53,V,,N,,N,39,V,34,V,32,V,46,V,57,V,55,V,49,V,45,V,51,V,53,V,49,V,52,V,49,V
08,Barcelona,019,Barcelona,058,14,2026,1,22,48,V,50,V,47,V,44,V,53,V,58,V,54,V,48,V,45,V,,N,,N,,N,,N,,N,,N,,N,,N,,N,,N,,N,,N,,N,,N,,N
08,Barcelona,019,Barcelona,057,14,2026,1,19,60,V,60,V,59,V,57,V,54,V,60,V,61,V,56,V,30,V,34,V,40,V,55,V,51,V,50,V,51,V,58,V,56,V,52,V,56,V,56,V,55,V,58,V,60,V,60,V
08,Barcelona,019,Barcelona,057,14,2026,1,20,58,V,64,V,66,V,70,V,67,V,63,V,64,V,62,V,59,V,58,V,59,V,60,V,56,V,60,V,57,V,52,V,49,V,50,V,49,V,60,V,61,V,58,V,55,V,57,V
08,Barcelona,019,Barcelona,057,14,2026,1,21,58,V,55,V,60,V,55,V,50,V,41,V,20,V,22,V,6,V,22,V,46,V,39,V,,N,51,V,55,V,59,V,58,V,46,V,46,V,49,V,58,V,50,V,54,V,54,V
08,Barcelona,019,Barcelona,057,14,2026,1,22,53,V,49,V,59,V,56,V,55,V,57,V,51,V,45,V,38,V,,N,,N,,N,,N,,N,,N,,N,,N,,N,,N,,N,,N,,N,,N,,N
08,Barcelona,019,Barcelona,057,114,2026,1,19,60.2,V,59.5,V,59.2,V,57.2,V,53.4,V,60.3,V,60.8,V,55.6,V,30.1,V,34.3,V,40.4,V,54.7,V,50.5,V,50.3,V,51,V,58.1,V,55.4,V,52.1,V,55.7,V,56.2,V,55,V,57.6,V,60,V,59.8,V
08,Barcelona,019,Barcelona,057,114,2026,1,20,57.8,V,64.2,V,65.5,V,69.6,V,66.8,V,63.4,V,63.6,V,62.5,V,59.4,V,57.6,V,59.5,V,60,V,55.9,V,59.4,V,57.3,V,51.3,V,48.6,V,50.1,V,48.9,V,59.9,V,61.3,V,58.3,V,54.7,V,56.7,V
08,Barcelona,019,Barcelona,057,114,2026,1,21,57.5,V,54.5,V,59.4,V,55.3,V,49.9,V,41.2,V,20.4,V,21.7,V,5.7,V,21.7,V,45.9,V,38.6,V,,N,51.4,V,54.9,V,58.8,V,57.4,V,46,V,46.2,V,48.8,V,57.7,V,50.2,V,53.3,V,54.2,V
08,Barcelona,019,Barcelona,057,114,2026,1,22,53.2,V,49.3,V,59.1,V,56.1,V,54.3,V,57.4,V,50.8,V,44.4,V,37.9,V,,N,,N,,N,,N,,N,,N,,N,,N,,N,,N,,N,,N,,N,,N,,N
08,Barcelona,019,Barcelona,054,14,2026,1,19,59,V,61,V,59,V,60,V,58,V,56,V,57,V,51,V,28,V,35,V,40,V,40,V,46,V,48,V,48,V,46,V,42,V,40,V,48,V,50,V,56,V,58,V,64,V,63,V
08,Barcelona,019,Barcelona,054,14,2026,1,20,63,V,65,V,67,V,70,V,69,V,66,V,65,V,58,V,57,V,56,V,,N,,N,,N,55,V,50,V,47,V,51,V,52,V,50,V,57,V,63,V,55,V,50,V,52,V
08,Barcelona,019,Barcelona,054,14,2026,1,21,56,V,60,V,56,V,60,V,50,V,35,V,20,V,25,V,34,V,40,V,47,V,51,V,44,V,42,V,56,V,66,V,64,V,54,V,50,V,53,V,56,V,61,V,64,V,63,V
08,Barcelona,019,Barcelona,054,14,2026,1,22,64,V,57,V,40,V,53,V,49,V,52,V,50,V,44,V,35,V,,N,,N,,N,,N,,N,,N,,N,,N,,N,,N,,N,,N,,N,,N,,N
08,Barcelona,019,Barcelona,057,11,2026,1,19,2,V,1,V,1,V,1,V,1,V,1,V,1,V,1,V,1,V,1,V,1,V,1,V,1,V,2,V,2,V,2,V,2,V,2,V,3,V,2,V,2,V,2,V,3,V,3,V
08,Barcelona,019,Barcelona,057,11,2026,1,20,2,V,2,V,1,V,1,V,1,V,1,V,1,V,1,V,1,V,1,V,1,V,1,V,1,V,1,V,1,V,2,V,3,V,4,V,4,V,5,V,5,V,5,V,6,V,6,V
08,Barcelona,019,Barcelona,057,11,2026,1,21,6,V,6,V,5,V,5,V,5,V,5,V,6,V,10,V,6,V,5,V,5,V,7,V,8,V,7,V,7,V,5,V,4,V,4,V,4,V,4,V,4,V,3,V,2,V,3,V
08,Barcelona,019,Barcelona,057,11,2026,1,22,3,V,3,V,3,V,3,V,3,V,3,V,3,V,4,V,5,V,,N,,N,,N,,N,,N,,N,,N,,N,,N,,N,,N,,N,,N,,N,,N
08,Barcelona,019,Barcelona,057,111,2026,1,19,1.65,V,1.32,V,1.02,V,1.01,V,0.93,V,0.61,V,0.8,V,0.73,V,1.11,V,1.25,V,1.02,V,0.84,V,1.05,V,1.57,V,1.76,V,1.67,V,1.69,V,2.05,V,2.57,V,2.34,V,1.69,V,1.8,V,2.34,V,2.57,V
08,Barcelona,019,Barcelona,057,111,2026,1,20,2.15,V,1.49,V,0.61,V,0.37,V,0.2,V,0.15,V,0.1,V,0.14,V,0.26,V,0.3,V,0.32,V,0.43,V,0.58,V,0.59,V,0.84,V,1.75,V,2.96,V,3.47,V,3.34,V,5.21,V,5.28,V,5.36,V,5.6,V,5.87,V
08,Barcelona,019,Barcelona,057,111,2026,1,21,5.81,V,5.82,V,5.31,V,5.04,V,5.24,V,5.15,V,6.48,V,9.92,V,6.18,V,5,V,4.99,V,6.76,V,8.31,V,7.02,V,6.85,V,5,V,4.2,V,4,V,4.11,V,4.24,V,3.53,V,3.31,V,2.45,V,2.7,V
08,Barcelona,019,Barcelona,057,111,2026,1,22,2.6,V,2.92,V,3.03,V,3.04,V,2.53,V,2.44,V,2.64,V,3.77,V,4.65,V,,N,,N,,N,,N,,N,,N,,N,,N,,N,,N,,N,,N,,N,,N,,N
08,Barcelona,019,Barcelona,054,11,2026,1,19,3,V,2,V,2,V,2,V,1,V,1,V,1,V,1,V,2,V,2,V,2,V,2,V,2,V,3,V,3,V,4,V,4,V,4,V,4,V,4,V,2,V,2,V,3,V,3,V
08,Barcelona,019,Barcelona,054,11,2026,1,20,2,V,2,V,1,V,1,V,1,V,1,V,1,V,1,V,1,V,1,V,1,V,1,V,1,V,1,V,1,V,2,V,3,V,3,V,3,V,5,V,6,V,5,V,6,V,6,V
08,Barcelona,019,Barcelona,054,11,2026,1,21,6,V,7,V,7,V,7,V,6,V,6,V,6,V,7,V,5,V,5,V,5,V,6,V,8,V,8,V,7,V,5,V,4,V,4,V,4,V,4,V,5,V,4,V,3,V,3,V
08,Barcelona,019,Barcelona,054,11,2026,1,22,3,V,3,V,4,V,3,V,4,V,4,V,3,V,5,V,5,V,,N,,N,,N,,N,,N,,N,,N,,N,,N,,N,,N,,N,,N,,N,,N
08,Barcelona,019,Barcelona,043,10,2026,1,19,9,V,8,V,8,V,7,V,8,V,7,V,7,V,8,V,11,V,18,V,14,V,16,V,15,V,14,V,16,V,16,V,15,V,14,V,13,V,13,V,10,V,10,V,10,V,9,V
08,Barcelona,019,Barcelona,043,10,2026,1,20,8,V,6,V,5,V,5,V,4,V,4,V,4,V,5,V,6,V,8,V,8,V,10,V,9,V,11,V,14,V,16,V,21,V,18,V,18,V,30,V,27,V,37,V,32,V,28,V
08,Barcelona,019,Barcelona,043,10,2026,1,21,25,V,22,V,23,V,24,V,22,V,21,V,22,V,23,V,24,V,25,V,29,V,32,V,40,V,34,V,31,V,26,V,27,V,22,V,25,V,24,V,19,V,16,V,12,V,12,V
08,Barcelona,019,Barcelona,043,10,2026,1,22,17,V,20,V,17,V,14,V,11,V,11,V,9,V,11,V,12,V,,N,,N,,N,,N,,N,,N,,N,,N,,N,,N,,N,,N,,N,,N,,N
08,Barcelona,019,Barcelona,044,10,2026,1,19,,N,,N,,N,,N,,N,,N,,N,,N,,N,,N,,N,,N,,N,,N,,N,,N,,N,,N,,N,,N,,N,,N,,N,,N
08,Barcelona,019,Barcelona,044,10,2026,1,20,,N,,N,,N,,N,,N,,N,,N,,N,,N,,N,,N,,N,,N,,N,,N,,N,,N,,N,,N,,N,,N,,N,,N,,N
08,Barcelona,019,Barcelona,044,10,2026,1,21,,N,,N,,N,,N,,N,,N,,N,,N,,N,,N,,N,,N,,N,,N,,N,,N,,N,,N,,N,,N,,N,,N,,N,,N
08,Barcelona,019,Barcelona,044,10,2026,1,22,,N,,N,,N,,N,,N,,N,,N,,N,,N,,N,,N,,N,,N,,N,,N,,N,,N,,N,,N,,N,,N,,N,,N,,N
08,Barcelona,019,Barcelona,058,10,2026,1,19,6,V,5,V,6,V,6,V,4,V,4,V,5,V,5,V,6,V,7,V,6,V,7,V,7,V,5,V,6,V,7,V,7,V,8,V,10,V,10,V,7,V,7,V,8,V,8,V
08,Barcelona,019,Barcelona,058,10,2026,1,20,6,V,5,V,3,V,3,V,1,V,2,V,2,V,5,V,7,V,4,V,5,V,4,V,3,V,5,V,6,V,10,V,13,V,12,V,12,V,19,V,19,V,22,V,24,V,27,V
08,Barcelona,019,Barcelona,058,10,2026,1,21,26,V,23,V,22,V,23,V,23,V,24,V,25,V,21,V,19,V,,N,,N,,N,,N,22,V,21,V,16,V,11,V,12,V,14,V,12,V,11,V,8,V,6,V,8,V
08,Barcelona,019,Barcelona,058,10,2026,1,22,10,V,12,V,13,V,10,V,10,V,10,V,11,V,11,V,9,V,,N,,N,,N,,N,,N,,N,,N,,N,,N,,N,,N,,N,,N,,N,,N
08,Barcelona,019,Barcelona,057,10,2026,1,19,4,V,4,V,3,V,3,V,2,V,2,V,2,V,2,V,3,V,4,V,4,V,3,V,3,V,4,V,4,V,4,V,4,V,4,V,5,V,5,V,3,V,3,V,4,V,4,V
08,Barcelona,019,Barcelona,057,10,2026,1,20,4,V,3,V,1,V,1,V,1,V,1,V,1,V,1,V,2,V,1,V,1,V,1,V,1,V,2,V,2,V,5,V,8,V,8,V,8,V,14,V,14,V,14,V,15,V,16,V
08,Barcelona,019,Barcelona,057,10,2026,1,21,16,V,14,V,14,V,13,V,13,V,13,V,12,V,16,V,12,V,12,V,13,V,18,V,25,V,20,V,21,V,14,V,12,V,14,V,12,V,13,V,9,V,7,V,4,V,6,V
08,Barcelona,019,Barcelona,057,10,2026,1,22,8,V,8,V,9,V,8,V,5,V,4,V,4,V,5,V,7,V,,N,,N,,N,,N,,N,,N,,N,,N,,N,,N,,N,,N,,N,,N,,N
08,Barcelona,019,Barcelona,057,110,2026,1,19,3.55,V,3.56,V,3.03,V,2.63,V,2.43,V,1.9,V,1.72,V,2.25,V,3.11,V,3.94,V,3.39,V,2.51,V,3.1,V,3.86,V,3.96,V,3.65,V,3.37,V,4.05,V,5.44,V,4.72,V,2.9,V,3.13,V,3.77,V,3.94,V
08,Barcelona,019,Barcelona,057,110,2026,1,20,3.9,V,2.35,V,1.11,V,0.82,V,0.54,V,0.41,V,0.6,V,0.82,V,1.46,V,1.07,V,0.92,V,1.22,V,1.32,V,1.78,V,2.05,V,4.53,V,7.68,V,8.22,V,8.29,V,14.14,V,13.78,V,13.64,V,14.87,V,16.4,V
08,Barcelona,019,Barcelona,057,110,2026,1,21,16.24,V,14.15,V,13.84,V,12.51,V,13.23,V,12.62,V,12.29,V,16.39,V,12.13,V,12.01,V,13.16,V,17.71,V,25.18,V,20.05,V,20.59,V,13.65,V,11.86,V,13.85,V,12.01,V,12.58,V,9.39,V,7.21,V,4.3,V,5.58,V
08,Barcelona,019,Barcelona,057,110,2026,1,22,7.55,V,8.08,V,8.72,V,7.67,V,5.05,V,4.18,V,4.09,V,5.13,V,6.52,V,,N,,N,,N,,N,,N,,N,,N,,N,,N,,N,,N,,N,,N,,N,,N
08,Barcelona,019,Barcelona,004,10,2026,1,19,8,V,5,V,6,V,6,V,6,V,4,V,6,V,6,V,9,V,16,V,16,V,18,V,7,V,10,V,11,V,10,V,10,V,6,V,8,V,10,V,7,V,3,V,10,V,8,V
08,Barcelona,019,Barcelona,004,10,2026,1,20,7,V,2,V,1,V,1,V,1,V,2,V,2,V,2,V,4,V,6,V,,N,,N,,N,,N,,N,,N,18,V,20,V,23,V,28,V,24,V,30,V,35,V,34,V
08,Barcelona,019,Barcelona,004,10,2026,1,21,24,V,20,V,18,V,18,V,17,V,18,V,21,V,22,V,20,V,23,V,26,V,30,V,37,V,34,V,28,V,22,V,25,V,22,V,19,V,18,V,16,V,14,V,8,V,8,V
08,Barcelona,019,Barcelona,004,10,2026,1,22,12,V,14,V,11,V,12,V,12,V,12,V,5,V,10,V,12,V,,N,,N,,N,,N,,N,,N,,N,,N,,N,,N,,N,,N,,N,,N,,N
08,Barcelona,019,Barcelona,054,10,2026,1,19,6,V,5,V,5,V,4,V,4,V,4,V,3,V,3,V,7,V,5,V,5,V,5,V,5,V,7,V,6,V,7,V,7,V,7,V,7,V,7,V,4,V,4,V,5,V,5,V
08,Barcelona,019,Barcelona,054,10,2026,1,20,4,V,4,V,2,V,1,V,1,V,1,V,1,V,2,V,2,V,2,V,2,V,2,V,2,V,2,V,3,V,4,V,9,V,9,V,9,V,14,V,19,V,15,V,20,V,19,V
08,Barcelona,019,Barcelona,054,10,2026,1,21,21,V,18,V,19,V,19,V,21,V,18,V,17,V,18,V,15,V,14,V,17,V,19,V,31,V,29,V,22,V,15,V,13,V,15,V,17,V,13,V,14,V,9,V,6,V,8,V
08,Barcelona,019,Barcelona,054,10,2026,1,22,10,V,14,V,11,V,10,V,9,V,9,V,6,V,7,V,7,V,,N,,N,,N,,N,,N,,N,,N,,N,,N,,N,,N,,N,,N,,N,,N
08,Barcelona,019,Barcelona,043,9,2026,1,19,4,V,3,V,3,V,3,V,3,V,3,V,3,V,3,V,4,V,6,V,5,V,5,V,5,V,6,V,7,V,8,V,6,V,7,V,6,V,7,V,6,V,6,V,6,V,5,V
08,Barcelona,019,Barcelona,043,9,2026,1,20,4,V,2,V,1,V,1,V,1,V,1,V,1,V,1,V,1,V,2,V,2,V,3,V,3,V,4,V,6,V,7,V,9,V,9,V,9,V,14,V,14,V,17,V,17,V,15,V
08,Barcelona,019,Barcelona,043,9,2026,1,21,13,V,12,V,13,V,13,V,13,V,12,V,12,V,13,V,13,V,12,V,12,V,15,V,19,V,16,V,15,V,13,V,11,V,9,V,10,V,11,V,9,V,8,V,7,V,6,V
08,Barcelona,019,Barcelona,043,9,2026,1,22,8,V,9,V,8,V,7,V,5,V,6,V,4,V,6,V,7,V,,N,,N,,N,,N,,N,,N,,N,,N,,N,,N,,N,,N,,N,,N,,N
08,Barcelona,019,Barcelona,057,9,2026,1,19,2,V,2,V,2,V,2,V,1,V,1,V,1,V,1,V,2,V,2,V,2,V,1,V,2,V,2,V,2,V,3,V,2,V,3,V,4,V,3,V,2,V,2,V,3,V,3,V
08,Barcelona,019,Barcelona,057,9,2026,1,20,3,V,2,V,1,V,1,V,1,V,1,V,1,V,1,V,1,V,1,V,1,V,1,V,1,V,1,V,1,V,3,V,4,V,6,V,5,V,8,V,8,V,8,V,9,V,10,V
08,Barcelona,019,Barcelona,057,9,2026,1,21,10,V,9,V,8,V,8,V,8,V,8,V,9,V,13,V,8,V,7,V,8,V,10,V,13,V,12,V,12,V,8,V,7,V,7,V,7,V,7,V,6,V,5,V,3,V,4,V
08,Barcelona,019,Barcelona,057,9,2026,1,22,4,V,5,V,5,V,5,V,4,V,3,V,3,V,4,V,5,V,,N,,N,,N,,N,,N,,N,,N,,N,,N,,N,,N,,N,,N,,N,,N
08,Barcelona,019,Barcelona,057,109,2026,1,19,2.36,V,2.04,V,1.71,V,1.57,V,1.45,V,0.98,V,1.1,V,1.06,V,1.53,V,1.83,V,1.5,V,1.24,V,1.61,V,2.23,V,2.46,V,2.33,V,2.27,V,2.77,V,3.62,V,3.22,V,2.11,V,2.24,V,2.93,V,3.2,V
08,Barcelona,019,Barcelona,057,109,2026,1,20,2.75,V,1.82,V,0.79,V,0.51,V,0.31,V,0.25,V,0.22,V,0.28,V,0.47,V,0.48,V,0.5,V,0.67,V,0.81,V,0.89,V,1.14,V,2.66,V,4.4,V,5.22,V,4.96,V,8.25,V,8.34,V,8.39,V,8.91,V,9.58,V
08,Barcelona,019,Barcelona,057,109,2026,1,21,9.46,V,8.81,V,8.39,V,7.94,V,8.24,V,7.92,V,9.02,V,12.78,V,8.43,V,7.29,V,7.98,V,10.52,V,13.18,V,11.46,V,11.36,V,7.96,V,6.7,V,6.66,V,6.48,V,6.82,V,5.7,V,4.86,V,3.25,V,3.98,V
08,Barcelona,019,Barcelona,057,109,2026,1,22,4.29,V,4.78,V,4.85,V,4.59,V,3.51,V,3.16,V,3.22,V,4.32,V,5.32,V,,N,,N,,N,,N,,N,,N,,N,,N,,N,,N,,N,,N,,N,,N,,N
08,Barcelona,019,Barcelona,054,9,2026,1,19,4,V,3,V,2,V,2,V,2,V,2,V,2,V,2,V,3,V,3,V,2,V,3,V,3,V,4,V,3,V,4,V,5,V,5,V,5,V,5,V,3,V,3,V,3,V,4,V
08,Barcelona,019,Barcelona,054,9,2026,1,20,3,V,2,V,1,V,1,V,1,V,1,V,1,V,1,V,1,V,1,V,1,V,1,V,1,V,1,V,2,V,2,V,4,V,5,V,5,V,8,V,10,V,8,V,10,V,10,V
08,Barcelona,019,Barcelona,054,9,2026,1,21,11,V,11,V,11,V,11,V,11,V,10,V,10,V,11,V,8,V,7,V,9,V,10,V,13,V,14,V,12,V,8,V,7,V,7,V,7,V,7,V,8,V,6,V,4,V,5,V
08,Barcelona,019,Barcelona,054,9,2026,1,22,5,V,6,V,7,V,5,V,5,V,5,V,4,V,5,V,5,V,,N,,N,,N,,N,,N,,N,,N,,N,,N,,N,,N,,N,,N,,N,,N
08,Barcelona,019,Barcelona,043,901,2026,1,19,0,V,0,V,0,V,0,V,0,V,0,V,0,V,0,V,0,V,0,V,0,V,0,V,0,V,0,V,0,V,0,V,0,V,0,V,0,V,0,V,0,V,0,V,0,V,0,V
08,Barcelona,019,Barcelona,043,901,2026,1,20,0,V,0,V,0,V,0,V,0,V,0,V,0,V,0,V,0,V,0,V,0,V,0,V,0,V,0,V,0,V,0,V,0,V,0,V,0,V,0,V,0,V,0,V,0,V,0,V
08,Barcelona,019,Barcelona,043,901,2026,1,21,0,V,0,V,0,V,0,V,0,V,0,V,0,V,0,V,0,V,0,V,0,V,0,V,0,V,0,V,0,V,0,V,0,V,0,V,0,V,0,V,0,V,0,V,0,V,0,V
08,Barcelona,019,Barcelona,043,901,2026,1,22,0,V,0,V,0,V,0,V,0,V,0,V,0,V,0,V,0,V,,N,,N,,N,,N,,N,,N,,N,,N,,N,,N,,N,,N,,N,,N,,N
08,Barcelona,019,Barcelona,054,901,2026,1,19,0,V,0,V,0,V,0,V,0,V,0,V,0,V,0,V,0,V,0,V,0,V,0,V,0,V,0,V,0,V,0,V,0,V,0,V,0,V,0,V,0,V,0,V,0,V,0,V
08,Barcelona,019,Barcelona,054,901,2026,1,20,0,V,0,V,0,V,0,V,0,V,0,V,0,V,0,V,0,V,0,V,0,V,0,V,0,V,0,V,0,V,0,V,0,V,0,V,0,V,0,V,0,V,0,V,0,V,0,V
08,Barcelona,019,Barcelona,054,901,2026,1,21,0,V,0,V,0,V,0,V,0,V,0,V,0,V,0,V,0,V,0,V,0,V,0,V,0,V,0,V,0,V,0,V,0,V,0,V,0,V,0,V,0,V,0,V,0,V,0,V
08,Barcelona,019,Barcelona,054,901,2026,1,22,0,V,0,V,0,V,0,V,0,V,0,V,0,V,0,V,0,V,,N,,N,,N,,N,,N,,N,,N,,N,,N,,N,,N,,N,,N,,N,,N
08,Barcelona,019,Barcelona,043,1,2026,1,19,4,V,4,V,4,V,4,V,4,V,4,V,4,V,4,V,4,V,5,V,5,V,5,V,5,V,5,V,5,V,5,V,5,V,5,V,5,V,4,V,4,V,4,V,4,V,4,V
08,Barcelona,019,Barcelona,043,1,2026,1,20,4,V,4,V,4,V,4,V,4,V,4,V,5,V,5,V,4,V,4,V,4,V,4,V,4,V,4,V,4,V,4,V,5,V,5,V,5,V,5,V,5,V,5,V,5,V,5,V
08,Barcelona,019,Barcelona,043,1,2026,1,21,5,V,5,V,4,V,4,V,4,V,4,V,4,V,5,V,5,V,5,V,5,V,5,V,5,V,5,V,5,V,4,V,4,V,4,V,4,V,4,V,4,V,4,V,4,V,3,V
08,Barcelona,019,Barcelona,043,1,2026,1,22,3,V,4,V,3,V,3,V,3,V,3,V,3,V,3,V,4,V,,N,,N,,N,,N,,N,,N,,N,,N,,N,,N,,N,,N,,N,,N,,N
08,Barcelona,019,Barcelona,044,1,2026,1,19,5,V,5,V,4,V,4,V,5,V,5,V,5,V,5,V,5,V,5,V,4,V,4,V,4,V,4,V,4,V,4,V,4,V,4,V,4,V,5,V,5,V,4,V,4,V,4,V
08,Barcelona,019,Barcelona,044,1,2026,1,20,4,V,4,V,4,V,5,V,4,V,4,V,4,V,4,V,4,V,4,V,4,V,4,V,4,V,4,V,4,V,4,V,4,V,4,V,4,V,5,V,5,V,5,V,4,V,5,V
08,Barcelona,019,Barcelona,044,1,2026,1,21,4,V,4,V,4,V,5,V,4,V,5,V,5,V,5,V,5,V,5,V,,N,,N,2,V,2,V,2,V,2,V,2,V,2,V,2,V,2,V,2,V,2,V,2,V,2,V
08,Barcelona,019,Barcelona,044,1,2026,1,22,2,V,1,V,1,V,1,V,1,V,1,V,1,V,2,V,2,V,,N,,N,,N,,N,,N,,N,,N,,N,,N,,N,,N,,N,,N,,N,,N
08,Barcelona,019,Barcelona,057,1,2026,1,19,1,V,1,V,1,V,1,V,1,V,1,V,1,V,1,V,1,V,1,V,1,V,1,V,1,V,1,V,1,V,1,V,1,V,1,V,1,V,1,V,1,V,1,V,1,V,1,V
08,Barcelona,019,Barcelona,057,1,2026,1,20,1,V,1,V,1,V,1,V,1,V,1,V,1,V,1,V,1,V,1,V,1,V,1,V,1,V,1,V,1,V,1,V,1,V,1,V,1,V,1,V,1,V,1,V,1,V,1,V
08,Barcelona,019,Barcelona,057,1,2026,1,21,1,V,1,V,1,V,1,V,1,V,1,V,1,V,1,V,1,V,1,V,1,V,1,V,,N,,N,1,V,1,V,1,V,1,V,1,V,1,V,1,V,1,V,1,V,1,V
08,Barcelona,019,Barcelona,057,1,2026,1,22,1,V,1,V,1,V,1,V,1,V,1,V,1,V,1,V,1,V,,N,,N,,N,,N,,N,,N,,N,,N,,N,,N,,N,,N,,N,,N,,N
08,Barcelona,019,Barcelona,057,101,2026,1,19,0.35,V,0.4,V,0.43,V,0.41,V,0.41,V,0.41,V,0.39,V,0.29,V,0.34,V,0.43,V,0.36,V,0.43,V,0.36,V,0.32,V,0.33,V,0.28,V,0.28,V,0.33,V,0.36,V,0.53,V,0.41,V,0.34,V,0.41,V,0.35,V
08,Barcelona,019,Barcelona,057,101,2026,1,20,0.38,V,0.28,V,0.29,V,0.33,V,0.31,V,0.28,V,0.33,V,0.35,V,0.36,V,0.39,V,0.38,V,0.42,V,0.28,V,0.54,V,0.36,V,0.35,V,0.25,V,0.31,V,0.41,V,0.35,V,0.32,V,0.34,V,0.35,V,0.27,V
08,Barcelona,019,Barcelona,057,101,2026,1,21,0.38,V,0.3,V,0.45,V,0.28,V,0.32,V,0.35,V,0.45,V,0.33,V,0.54,V,0.4,V,0.46,V,0.44,V,,N,,N,0.59,V,0.57,V,0.36,V,0.48,V,0.32,V,0.42,V,0.36,V,0.49,V,0.29,V,0.42,V
08,Barcelona,019,Barcelona,057,101,2026,1,22,0.39,V,0.36,V,0.32,V,0.39,V,0.32,V,0.45,V,0.39,V,0.31,V,0.34,V,,N,,N,,N,,N,,N,,N,,N,,N,,N,,N,,N,,N,,N,,N,,N
08,Barcelona,019,Barcelona,054,1,2026,1,19,3,V,3,V,2,V,2,V,3,V,3,V,3,V,3,V,3,V,3,V,3,V,3,V,3,V,3,V,2,V,3,V,3,V,2,V,2,V,2,V,2,V,3,V,3,V,3,V
08,Barcelona,019,Barcelona,054,1,2026,1,20,3,V,2,V,3,V,3,V,3,V,3,V,3,V,3,V,2,V,3,V,,N,,N,2,V,2,V,1,V,2,V,1,V,2,V,2,V,1,V,1,V,1,V,2,V,1,V
08,Barcelona,019,Barcelona,054,1,2026,1,21,2,V,2,V,1,V,2,V,1,V,1,V,1,V,1,V,2,V,2,V,2,V,2,V,2,V,2,V,2,V,2,V,1,V,1,V,1,V,1,V,2,V,2,V,1,V,1,V
08,Barcelona,019,Barcelona,054,1,2026,1,22,2,V,2,V,2,V,1,V,2,V,2,V,1,V,1,V,2,V,,N,,N,,N,,N,,N,,N,,N,,N,,N,,N,,N,,N,,N,,N,,N
08,Barcelona,019,Barcelona,881,6,2026,1,19,0.2,V,0.2,V,0.2,V,0.2,V,0.2,V,0.2,V,0.2,V,0.3,V,0.3,V,0.4,V,0.3,V,0.2,V,0.2,V,0.2,V,0.3,V,0.3,V,0.3,V,0.3,V,0.3,V,0.3,V,0.2,V,0.2,V,0.2,V,0.2,V
08,Barcelona,019,Barcelona,881,6,2026,1,20,0.2,V,0.2,V,0.2,V,0.2,V,0.2,V,0.2,V,0.2,V,0.2,V,0.2,V,0.2,V,0.2,V,0.2,V,0.2,V,0.2,V,0.2,V,0.2,V,0.3,V,0.2,V,0.3,V,0.3,V,0.3,V,0.3,V,0.3,V,0.3,V
08,Barcelona,019,Barcelona,881,6,2026,1,21,0.2,V,0.2,V,0.2,V,0.2,V,0.2,V,0.3,V,0.3,V,0.3,V,0.6,V,0.5,V,0.3,V,0.3,V,0.3,V,0.3,V,0.3,V,0.3,V,0.3,V,0.3,V,0.4,V,0.4,V,0.3,V,0.3,V,0.2,V,0.2,V
08,Barcelona,019,Barcelona,881,6,2026,1,22,0.2,V,0.2,V,0.2,V,0.2,V,0.2,V,0.2,V,0.2,V,0.2,V,0.2,V,,N,,N,,N,,N,,N,,N,,N,,N,,N,,N,,N,,N,,N,,N,,N
08,Barcelona,019,Barcelona,881,8,2026,1,19,18,V,16,V,14,V,12,V,17,V,29,V,36,V,49,V,59,V,56,V,57,V,49,V,43,V,47,V,50,V,40,V,43,V,42,V,35,V,26,V,21,V,16,V,10,V,8,V
08,Barcelona,019,Barcelona,881,8,2026,1,20,11,V,5,V,3,V,3,V,4,V,10,V,14,V,29,V,25,V,32,V,32,V,28,V,25,V,36,V,44,V,26,V,30,V,27,V,28,V,24,V,20,V,26,V,24,V,27,V
08,Barcelona,019,Barcelona,881,8,2026,1,21,17,V,12,V,17,V,15,V,19,V,31,V,32,V,42,V,52,V,45,V,29,V,25,V,27,V,22,V,16,V,16,V,19,V,19,V,25,V,25,V,19,V,18,V,14,V,12,V
08,Barcelona,019,Barcelona,881,8,2026,1,22,11,V,18,V,15,V,22,V,21,V,16,V,8,V,15,V,29,V,,N,,N,,N,,N,,N,,N,,N,,N,,N,,N,,N,,N,,N,,N,,N
08,Barcelona,019,Barcelona,881,12,2026,1,19,19,V,16,V,17,V,13,V,19,V,33,V,44,V,74,V,111,V,116,V,99,V,73,V,60,V,68,V,77,V,55,V,62,V,58,V,46,V,33,V,27,V,21,V,12,V,9,V
08,Barcelona,019,Barcelona,881,12,2026,1,20,23,V,5,V,4,V,3,V,5,V,12,V,19,V,43,V,34,V,45,V,41,V,36,V,35,V,48,V,61,V,33,V,42,V,36,V,35,V,31,V,25,V,33,V,28,V,33,V
08,Barcelona,019,Barcelona,881,12,2026,1,21,21,V,12,V,17,V,16,V,21,V,36,V,40,V,55,V,95,V,80,V,44,V,38,V,36,V,32,V,22,V,23,V,27,V,25,V,35,V,35,V,24,V,22,V,17,V,16,V
08,Barcelona,019,Barcelona,881,12,2026,1,22,17,V,21,V,16,V,27,V,23,V,20,V,10,V,19,V,40,V,,N,,N,,N,,N,,N,,N,,N,,N,,N,,N,,N,,N,,N,,N,,N
08,Barcelona,019,Barcelona,881,7,2026,1,19,1,V,1,V,2,V,1,V,2,V,3,V,5,V,17,V,35,V,40,V,27,V,16,V,11,V,14,V,18,V,10,V,12,V,11,V,7,V,5,V,5,V,3,V,2,V,1,V
08,Barcelona,019,Barcelona,881,7,2026,1,20,9,V,1,V,1,V,1,V,2,V,2,V,4,V,9,V,6,V,9,V,6,V,6,V,7,V,8,V,11,V,5,V,8,V,6,V,5,V,4,V,3,V,4,V,3,V,4,V
08,Barcelona,019,Barcelona,881,7,2026,1,21,3,V,1,V,2,V,2,V,2,V,3,V,5,V,8,V,28,V,23,V,10,V,9,V,6,V,7,V,4,V,5,V,5,V,4,V,7,V,7,V,4,V,3,V,2,V,4,V
08,Barcelona,019,Barcelona,881,7,2026,1,22,5,V,2,V,1,V,4,V,2,V,3,V,2,V,3,V,7,V,,N,,N,,N,,N,,N,,N,,N,,N,,N,,N,,N,,N,,N,,N,,N
08,Barcelona,019,Barcelona,881,995,2026,1,19,162,V,107,V,86,V,97,V,78,V,88,V,95,V,81,V,120,V,163,V,136,V,102,V,80,V,176,V,184,V,141,V,145,V,117,V,105,V,95,V,68,V,76,V,99,V,87,V
08,Barcelona,019,Barcelona,881,995,2026,1,20,64,V,40,V,26,V,19,V,9,V,9,V,14,V,16,V,21,V,27,V,39,V,44,V,36,V,58,V,87,V,69,V,101,V,89,V,102,V,137,V,128,V,168,V,181,V,186,V
08,Barcelona,019,Barcelona,881,995,2026,1,21,188,V,188,V,246,V,187,V,180,V,194,V,217,V,234,V,281,V,216,V,180,V,194,V,229,V,214,V,195,V,172,V,145,V,124,V,138,V,158,V,146,V,167,V,129,V,121,V
08,Barcelona,019,Barcelona,881,995,2026,1,22,101,V,146,V,186,V,242,V,227,V,182,V,136,V,180,V,204,V,,N,,N,,N,,N,,N,,N,,N,,N,,N,,N,,N,,N,,N,,N,,N
08,Barcelona,019,Barcelona,881,14,2026,1,19,44,V,47,V,44,V,43,V,39,V,29,V,21,V,12,V,4,V,5,V,7,V,19,V,25,V,16,V,14,V,23,V,21,V,21,V,29,V,36,V,41,V,49,V,54,V,55,V
08,Barcelona,019,Barcelona,881,14,2026,1,20,50,V,59,V,64,V,67,V,65,V,55,V,51,V,38,V,42,V,35,V,32,V,39,V,42,V,30,V,21,V,41,V,35,V,38,V,37,V,40,V,45,V,37,V,37,V,33,V
08,Barcelona,019,Barcelona,881,14,2026,1,21,44,V,48,V,43,V,45,V,34,V,20,V,22,V,12,V,4,V,12,V,33,V,44,V,39,V,50,V,57,V,57,V,53,V,53,V,48,V,46,V,52,V,51,V,50,V,50,V
08,Barcelona,019,Barcelona,881,14,2026,1,22,50,V,33,V,34,V,21,V,21,V,33,V,46,V,37,V,23,V,,N,,N,,N,,N,,N,,N,,N,,N,,N,,N,,N,,N,,N,,N,,N
08,Barcelona,019,Barcelona,881,10,2026,1,19,8,V,7,V,6,V,6,V,6,V,6,V,6,V,6,V,14,V,15,V,14,V,14,V,10,V,14,V,13,V,13,V,13,V,12,V,10,V,8,V,5,V,5,V,6,V,5,V
08,Barcelona,019,Barcelona,881,10,2026,1,20,5,V,3,V,2,V,2,V,1,V,2,V,2,V,2,V,3,V,5,V,6,V,5,V,6,V,8,V,8,V,10,V,15,V,12,V,13,V,20,V,20,V,26,V,26,V,26,V
08,Barcelona,019,Barcelona,881,10,2026,1,21,24,V,22,V,29,V,25,V,24,V,24,V,24,V,23,V,26,V,23,V,26,V,32,V,41,V,39,V,31,V,25,V,25,V,22,V,22,V,22,V,17,V,15,V,9,V,10,V
08,Barcelona,019,Barcelona,881,10,2026,1,22,17,V,17,V,13,V,15,V,17,V,14,V,7,V,8,V,9,V,,N,,N,,N,,N,,N,,N,,N,,N,,N,,N,,N,,N,,N,,N,,N
08,Barcelona,019,Barcelona,881,9,2026,1,19,6,V,5,V,4,V,4,V,3,V,3,V,4,V,3,V,6,V,7,V,6,V,5,V,4,V,8,V,7,V,6,V,7,V,6,V,6,V,5,V,3,V,4,V,5,V,4,V
08,Barcelona,019,Barcelona,881,9,2026,1,20,3,V,2,V,1,V,1,V,1,V,1,V,1,V,1,V,1,V,2,V,2,V,2,V,2,V,3,V,4,V,4,V,7,V,6,V,7,V,11,V,10,V,13,V,14,V,14,V
08,Barcelona,019,Barcelona,881,9,2026,1,21,13,V,13,V,17,V,14,V,13,V,13,V,14,V,14,V,15,V,12,V,12,V,15,V,18,V,18,V,16,V,13,V,11,V,9,V,10,V,11,V,10,V,9,V,6,V,6,V
08,Barcelona,019,Barcelona,881,9,2026,1,22,8,V,8,V,9,V,10,V,10,V,8,V,5,V,6,V,7,V,,N,,N,,N,,N,,N,,N,,N,,N,,N,,N,,N,,N,,N,,N,,N
08,Barcelona,019,Barcelona,881,1,2026,1,19,3,V,3,V,3,V,3,V,3,V,3,V,3,V,3,V,4,V,4,V,4,V,4,V,4,V,4,V,4,V,3,V,3,V,3,V,4,V,3,V,3,V,3,V,3,V,3,V
08,Barcelona,019,Barcelona,881,1,2026,1,20,3,V,3,V,3,V,3,V,3,V,3,V,3,V,3,V,3,V,3,V,3,V,3,V,3,V,3,V,4,V,3,V,3,V,3,V,3,V,3,V,3,V,3,V,3,V,3,V
08,Barcelona,019,Barcelona,881,1,2026,1,21,3,V,3,V,3,V,3,V,3,V,3,V,3,V,3,V,4,V,4,V,3,V,3,V,4,V,3,V,3,V,3,V,4,V,3,V,3,V,3,V,3,V,3,V,3,V,3,V
08,Barcelona,019,Barcelona,881,1,2026,1,22,3,V,3,V,3,V,3,V,3,V,4,V,3,V,3,V,3,V,,N,,N,,N,,N,,N,,N,,N,,N,,N,,N,,N,,N,,N,,N,,N
